{"cameraMode":{"drawMode":0,"name":"Shaded","section":"Shading Mode"},"sceneLighting":false,"audioPlay":false,"sceneViewState":{"m_AlwaysRefresh":false,"showFog":true,"showSkybox":false,"showFlares":true,"showImageEffects":true,"showParticleSystems":true,"showVisualEffectGraphs":true,"m_FxEnabled":true},"in2DMode":false,"pivot":{"x":10.206097602844239,"y":0.3548862338066101,"z":2.439983367919922},"rotation":{"x":0.00011815023026429117,"y":0.9998801350593567,"z":-0.013807618990540505,"w":0.009619046002626419},"size":0.9459444284439087,"orthographic":true}