{"cameraMode":{"drawMode":0,"name":"Shaded","section":"Shading Mode"},"sceneLighting":false,"audioPlay":false,"sceneViewState":{"m_AlwaysRefresh":false,"showFog":true,"showSkybox":false,"showFlares":true,"showImageEffects":true,"showParticleSystems":true,"showVisualEffectGraphs":true,"m_FxEnabled":true},"in2DMode":false,"pivot":{"x":9.130000114440918,"y":0.25404834747314455,"z":3.680999994277954},"rotation":{"x":-0.005018342286348343,"y":0.9639382362365723,"z":-0.2655414640903473,"w":-0.018200846388936044},"size":0.7209376692771912,"orthographic":false}