{"cameraMode":{"drawMode":0,"name":"Shaded","section":"Shading Mode"},"sceneLighting":false,"audioPlay":false,"sceneViewState":{"m_AlwaysRefresh":false,"showFog":true,"showSkybox":false,"showFlares":true,"showImageEffects":true,"showParticleSystems":true,"showVisualEffectGraphs":true,"m_FxEnabled":true},"in2DMode":false,"pivot":{"x":11.952946662902832,"y":1.4821035861968995,"z":3.618885040283203},"rotation":{"x":0.6307743191719055,"y":-0.00570655195042491,"z":0.004871537443250418,"w":0.7760506272315979},"size":0.8560160398483276,"orthographic":false}