{"cameraMode":{"drawMode":0,"name":"Shaded","section":"Shading Mode"},"sceneLighting":true,"audioPlay":false,"sceneViewState":{"m_AlwaysRefresh":false,"showFog":true,"showSkybox":true,"showFlares":true,"showImageEffects":true,"showParticleSystems":true,"showVisualEffectGraphs":true,"m_FxEnabled":true},"in2DMode":false,"pivot":{"x":6.144107818603516,"y":3.984555959701538,"z":-4.616847515106201},"rotation":{"x":0.38782185316085818,"y":-0.025130532681941987,"z":0.01070453692227602,"w":0.9214079976081848},"size":4.070309638977051,"orthographic":false}