{"cameraMode":{"drawMode":0,"name":"Shaded","section":"Shading Mode"},"sceneLighting":false,"audioPlay":false,"sceneViewState":{"m_AlwaysRefresh":false,"showFog":true,"showSkybox":false,"showFlares":true,"showImageEffects":true,"showParticleSystems":true,"showVisualEffectGraphs":true,"m_FxEnabled":true},"in2DMode":false,"pivot":{"x":10.694999694824219,"y":0.1317417025566101,"z":3.680999994277954},"rotation":{"x":-0.0016697320388630033,"y":-0.9982273578643799,"z":0.033850137144327167,"w":-0.04915729537606239},"size":0.5352489948272705,"orthographic":false}