{"cameraMode":{"drawMode":0,"name":"Shaded","section":"Shading Mode"},"sceneLighting":false,"audioPlay":false,"sceneViewState":{"m_AlwaysRefresh":false,"showFog":true,"showSkybox":false,"showFlares":true,"showImageEffects":true,"showParticleSystems":true,"showVisualEffectGraphs":true,"m_FxEnabled":true},"in2DMode":false,"pivot":{"x":0.0002754352171905339,"y":-0.000042886706069111824,"z":-0.00020525982836261392},"rotation":{"x":-0.33007270097732546,"y":-0.31796178221702578,"z":0.11906810849905014,"w":-0.8808518648147583},"size":0.0007173205376602709,"orthographic":false}